sample_id,decision_id,expected,severity,kind,peer_evidence,correct,note
BDD08,d1,label=drivable_area count=2,major,decision,drivable_area [areaType=alternative;needs_review=false;visibility=visible] | drivable_area [areaType=direct;needs_review=false;visibility=visible],1,Peer vẽ đúng 2 polygon direct và alternative
BDD08,d2,areaType: direct x1; visibility=visible; needs_review=false,major,decision,drivable_area [areaType=alternative;needs_review=false;visibility=visible] | drivable_area [areaType=direct;needs_review=false;visibility=visible],1,Thuộc tính direct đầy đủ và chính xác
BDD08,d3,geometry: direct bám hành lang hiện tại; alternative gộp các làn cùng chiều còn lại; loại dải phân cách bê tông và vùng ngoài mép đường,minor,geometry,drivable_area [areaType=alternative;needs_review=false;visibility=visible] | drivable_area [areaType=direct;needs_review=false;visibility=visible],1,Ranh giới bám tốt vạch kẻ đường cao tốc
BDD16,d1,label=drivable_area count=2; areaType: direct x1; alternative x1,major,decision,drivable_area [areaType=alternative;needs_review=false;visibility=visible] | drivable_area [areaType=direct;needs_review=false;visibility=visible],1,Tách đúng 2 vùng direct và alternative
BDD16,d2,IGNORE vùng kẻ chéo bên trái và vùng kẻ chéo sát tường bên phải,critical,decision,drivable_area [areaType=alternative;needs_review=false;visibility=visible] | drivable_area [areaType=direct;needs_review=false;visibility=visible],1,Đã loại trừ vùng kẻ chéo và vật cản cố định
BDD16,d3,geometry: hai polygon chỉ phủ mặt đường lưu thông và không lấn vào vùng kẻ chéo tường cầu hoặc barrier,major,geometry,drivable_area [areaType=alternative;needs_review=false;visibility=visible] | drivable_area [areaType=direct;needs_review=false;visibility=visible],1,Hình học chuẩn theo mặt đường lưu thông
BDD23,d1,label=drivable_area count=1; areaType=direct,major,decision,drivable_area [areaType=direct;needs_review=false;visibility=visible],1,Đúng 1 polygon direct duy nhất
BDD23,d2,IGNORE vùng đỗ xe sát hai curb; không gán alternative dưới các xe đang đỗ,critical,decision,drivable_area [areaType=direct;needs_review=false;visibility=visible],1,Đã loại trừ hoàn toàn vùng đỗ xe sát curb
BDD23,d3,geometry: polygon direct nằm trong hành lang lưu thông giữa hai hàng xe đỗ; không mở rộng đến curb hoặc phần đường dùng để đỗ,major,geometry,drivable_area [areaType=direct;needs_review=false;visibility=visible],1,Polygon nằm gọn giữa hai hàng xe
BDD24,d1,label=drivable_area count=1; areaType=direct,major,decision,drivable_area [areaType=direct;needs_review=true;visibility=unknown],1,Đúng 1 polygon direct bảo thủ
BDD24,d2,visibility=unknown; needs_review=true,critical,decision,drivable_area [areaType=direct;needs_review=true;visibility=unknown],1,Đã gắn cờ escalation khi tuyết che ranh giới
BDD24,d3,geometry: vẽ bảo thủ phần mặt đường nhìn thấy giữa tuyết và phương tiện; loại snowbank sidewalk và vùng bị che không đủ bằng chứng,major,geometry,drivable_area [areaType=direct;needs_review=true;visibility=unknown],1,Đã loại bỏ đống tuyết và phần bị che
BDD25,d1,label=drivable_area count=2,major,decision,drivable_area [areaType=alternative;needs_review=false;visibility=visible] | drivable_area [areaType=direct;needs_review=false;visibility=visible],1,Đủ 2 polygon direct và alternative
BDD25,d2,areaType: direct x1; alternative x1; visibility=visible; needs_review=false,major,decision,drivable_area [areaType=alternative;needs_review=false;visibility=visible] | drivable_area [areaType=direct;needs_review=false;visibility=visible],1,Thuộc tính rõ ràng và đúng chuẩn
BDD25,d3,geometry: direct bám hành lang ego; alternative gộp các làn cùng chiều còn lại; loại sidewalk curb và vùng đỗ sát mép đường,minor,geometry,drivable_area [areaType=alternative;needs_review=false;visibility=visible] | drivable_area [areaType=direct;needs_review=false;visibility=visible],1,Không bị ảnh hưởng bởi vệt nước phản chiếu
