sample_id,decision_id,expected,severity,rationale
BDD08,d1,"label=drivable_area count=2",major,"Một polygon direct cho hành lang ego và một polygon alternative cho vùng làn cùng chiều còn lại"
BDD08,d2,"areaType: direct x1; visibility=visible; needs_review=false",major,"Ranh giới cao tốc đủ rõ và các làn cùng chiều có thể tiếp cận hợp pháp"
BDD08,d3,"geometry: direct bám hành lang hiện tại; alternative gộp các làn cùng chiều còn lại; loại dải phân cách bê tông và vùng ngoài mép đường",minor,"Guideline v2 gộp các làn liên thông có cùng areaType nhưng tách direct khỏi alternative"
BDD16,d1,"label=drivable_area count=2; areaType: direct x1; alternative x1",major,"Có hành lang ego và một vùng làn cùng chiều có thể tiếp cận; hai areaType phải là hai polygon"
BDD16,d2,"IGNORE vùng kẻ chéo bên trái và vùng kẻ chéo sát tường bên phải",critical,"Gán vùng phân cách là drivable có thể dẫn đường xe vào vùng cấm hoặc sát vật cản cố định"
BDD16,d3,"geometry: hai polygon chỉ phủ mặt đường lưu thông và không lấn vào vùng kẻ chéo tường cầu hoặc barrier",major,"Vạch liền và vật cản cố định là ranh giới loại trừ"
BDD23,d1,"label=drivable_area count=1; areaType=direct",major,"Chỉ có một hành lang lưu thông giữa hai hàng xe đỗ và không có alternative hợp lệ rõ ràng"
BDD23,d2,"IGNORE vùng đỗ xe sát hai curb; không gán alternative dưới các xe đang đỗ",critical,"Parking exclusion trong guideline v2 ngăn mở rộng hành lang lái xe vào chỗ đỗ"
BDD23,d3,"geometry: polygon direct nằm trong hành lang lưu thông giữa hai hàng xe đỗ; không mở rộng đến curb hoặc phần đường dùng để đỗ",major,"Ranh giới chức năng được xác định bởi hành lang xe chạy và vùng parking hai bên"
BDD24,d1,"label=drivable_area count=1; areaType=direct",major,"Tuyết và phương tiện làm hẹp đường nhưng chỉ có một hành lang ego đủ bằng chứng"
BDD24,d2,"visibility=unknown; needs_review=true",critical,"Tuyết chất đống và phương tiện lớn che ranh giới phải nên phải escalation thay vì tự suy đoán bề rộng"
BDD24,d3,"geometry: vẽ bảo thủ phần mặt đường nhìn thấy giữa tuyết và phương tiện; loại snowbank sidewalk và vùng bị che không đủ bằng chứng",major,"Quy tắc low visibility yêu cầu chỉ giữ phần có bằng chứng"
BDD25,d1,"label=drivable_area count=2",major,"Một polygon direct cho hành lang ego và một polygon alternative gộp các làn cùng chiều có thể chuyển sang"
BDD25,d2,"areaType: direct x1; alternative x1; visibility=visible; needs_review=false",major,"Mặt đường ướt và ánh sáng yếu nhưng vạch làn cùng hướng vẫn đủ rõ"
BDD25,d3,"geometry: direct bám hành lang ego; alternative gộp các làn cùng chiều còn lại; loại sidewalk curb và vùng đỗ sát mép đường",minor,"Phản chiếu trên mặt đường không phải căn cứ để mở rộng polygon ra ngoài ranh giới giao thông"